{
    "rmse": 0.8046296182683017,
    "mae": 0.6572773631824473,
    "r2": 0.009299131282800022
}